count,mean,std,min,25%,50%,75%,max,criterion,max_depth,min_samples_split,min_samples_leaf,min_weight_fraction_leaf,max_features,random_state,max_leaf_nodes,min_impurity_decrease,min_impurity_split,n_estimators,n_jobs,random_id,train_size,nb_yes
412355.0,12.480442455526678,15.491978566344216,1.5074850397443448e-05,3.9589891148312875,8.623281207567839,15.643170582675024,858.8678332590792,mse,25,2,1,0.0,auto,,,1e-07,0,100,-1,0.6699570701516884,10000.0,1.0
387355.0,11.344820656495555,13.014449839052688,8.668623373218463e-06,3.762326357419261,8.076571273969602,14.628987468803267,397.3103126661611,mse,25,2,1,0.0,auto,None,None,1e-07,0,100,-1,0.6699570701516884,15000.0,1.0
362355.0,10.65785635172934,11.738549612287432,9.41137376512656e-06,3.5841635051053533,7.688513705499746,13.870785824920983,504.3181929663187,mse,25,2,1,0.0,auto,None,None,1e-07,0,100,-1,0.6699570701516884,20000.0,1.0
337355.0,10.300347595924771,11.060484104133574,1.687478812380203e-05,3.499314646456887,7.497843341863078,13.555430452509057,464.1764786779228,mse,25,2,1,0.0,auto,None,None,1e-07,0,100,-1,0.6699570701516884,25000.0,1.0
312355.0,9.968490270584388,10.413143452235746,9.014769361585318e-07,3.431016409031818,7.3222093341354295,13.156009143893579,435.9707760657899,mse,25,2,1,0.0,auto,None,None,1e-07,0,100,-1,0.6699570701516884,30000.0,1.0
287355.0,9.680095726147776,9.803756498544562,2.9599475775990534e-05,3.3595411897503693,7.203022537703968,12.93427968683314,201.1398601106277,mse,25,2,1,0.0,auto,None,None,1e-07,0,100,-1,0.6699570701516884,35000.0,1.0
