count,mean,std,min,25%,50%,75%,max,criterion,max_depth,min_samples_split,min_samples_leaf,min_weight_fraction_leaf,max_features,random_state,max_leaf_nodes,min_impurity_decrease,min_impurity_split,n_estimators,n_jobs,random_id,train_size,nb_yes
12355.0,12.601851291270297,10.478911221401226,0.0004099495294560733,4.862240821652481,10.124772319770141,17.72125712262571,109.27339135307548,mse,10,2,1,0.0,auto,,,1e-07,0,50,-1,0.11264664419989756,90000.0,1.0
12355.0,8.366907385276933,7.680150619563565,0.0013181666753896467,2.939703320491864,6.4399263286592445,11.46124557051022,102.81318553005092,mse,25,2,1,0.0,auto,None,None,1e-07,0,50,-1,0.03879825896092537,90000.0,1.0
